up_events,ip,down_events,key
"1474044862156,1474044862372,1474044862620,1474044862804,1474044863052,1474044863268,1474044863428,1474044863636",128.118.134.6,"1474044862068,1474044862276,1474044862564,1474044862724,1474044862988,1474044863196,1474044863340,1474044863556",4539221549252608
"1474082808976,1474082809128,1474082809288,1474082809432,1474082809624,1474082809748,1474082809848,1474082810017",99.9.191.4,"1474082808912,1474082809040,1474082809240,1474082809376,1474082809552,1474082809680,1474082809792,1474082809960",4554914822881280
"1474080221233,1474080221420,1474080221605,1474080221772,1474080222007,1474080222222,1474080222407,1474080222607",173.63.184.135,"1474080221136,1474080221342,1474080221545,1474080221699,1474080221930,1474080222121,1474080222335,1474080222532",4563076334485504
"1474082751704,1474082751903,1474082752120,1474082752347,1474082752723,1474082752927,1474082753137,1474082753489",2602:306:cfca:e330:900:52b2:d039:5f6d,"1474082751526,1474082751748,1474082751999,1474082752168,1474082752561,1474082752755,1474082752982,1474082753317",4588875397726208
"1474082764625,1474082764769,1474082764953,1474082765081,1474082765248,1474082765352,1474082765512,1474082765704",99.9.191.4,"1474082764553,1474082764713,1474082764897,1474082765025,1474082765193,1474082765296,1474082765448,1474082765640",4593519062679552
"1474082102042,1474082102173,1474082102209,1474082102333,1474082102532,1474082102697,1474082102732,1474082102875",108.15.192.232,"1474082101935,1474082102066,1474082102101,1474082102262,1474082102423,1474082102590,1474082102661,1474082102769",4627086379581440
"1474036956023,1474036956253,1474036956436,1474036956617,1474036956905,1474036957091,1474036957289,1474036957500",103.252.25.153,"1474036955904,1474036956085,1474036956347,1474036956529,1474036956742,1474036956984,1474036957138,1474036957289",4644337115725824
"1474067020882,1474067021077,1474067021380,1474067021524,1474067021891,1474067022031,1474067022398,1474067022661",65.24.240.144,"1474067020774,1474067020933,1474067021274,1474067021456,1474067021786,1474067021960,1474067022328,1474067022554",4646823633354752
"1474015688484,1474015688628,1474015688844,1474015689013,1474015689252,1474015689428,1474015689516,1474015689724",115.99.248.170,"1474015688340,1474015688524,1474015688764,1474015688932,1474015689132,1474015689308,1474015689412,1474015689605",4649310150983680
"1474057261802,1474057262026,1474057262490,1474057262930,1474057263362,1474057263602,1474057263730,1474057263954",2601:589:8202:9914:a5cb:9a24:fa07:2a8d,"1474057261660,1474057261890,1474057262338,1474057262777,1474057263241,1474057263441,1474057263625,1474057263834",4654283186241536
"1474080140032,1474080140164,1474080140284,1474080140435,1474080140635,1474080140768,1474080140903,1474080141086",173.63.184.135,"1474080139930,1474080140079,1474080140227,1474080140378,1474080140575,1474080140698,1474080140846,1474080141007",4657391668822016
"1474003262627,1474003262689,1474003262810,1474003262960,1474003263163,1474003263201,1474003263516,1474003263753",103.210.204.3,"1474003262505,1474003262592,1474003262762,1474003262881,1474003263039,1474003263132,1474003263428,1474003263660",4659244141903872
"1474032320191,1474032320368,1474032320581,1474032320734,1474032320933,1474032321071,1474032321220,1474032321386",73.81.159.210,"1474032320121,1474032320289,1474032320509,1474032320675,1474032320859,1474032321011,1474032321149,1474032321330",4663887806857216
"1474036941445,1474036941792,1474036941996,1474036942194,1474036942490,1474036942663,1474036942760,1474036942958",103.252.25.153,"1474036941332,1474036941618,1474036941886,1474036942089,1474036942334,1474036942568,1474036942631,1474036942791",4664229256757248
"1474036976451,1474036976665,1474036976839,1474036977052,1474036977438,1474036977537,1474036977731,1474036977872",103.252.25.153,"1474036976306,1474036976498,1474036976743,1474036976917,1474036977277,1474036977417,1474036977553,1474036977731",4669151557713920
"1474036958073,1474036958304,1474036958506,1474036958722,1474036959033,1474036959541,1474036959735,1474036959933",103.252.25.153,"1474036957948,1474036958135,1474036958382,1474036958584,1474036958816,1474036959456,1474036959557,1474036959735",4674151168081920
"1474032455029,1474032455061,1474032455085,1474032455277,1474032455597,1474032455629,1474032455637,1474032455829",173.2.225.234,"1474032454772,1474032454925,1474032454973,1474032455149,1474032455365,1474032455460,1474032455524,1474032455733",4679086353940480
"1474032309045,1474032309257,1474032309475,1474032309644,1474032309868,1474032310107,1474032310285,1474032310453",73.81.159.210,"1474032308974,1474032309186,1474032309398,1474032309587,1474032309800,1474032310026,1474032310201,1474032310394",4687586899525632
"1474047689517,1474047689646,1474047689785,1474047689960,1474047690173,1474047690251,1474047690313,1474047690510",173.19.149.111,"1474047689405,1474047689499,1474047689641,1474047689840,1474047690039,1474047690122,1474047690207,1474047690391",4690910667341824
"1474032298492,1474032298858,1474032299134,1474032299328,1474032299654,1474032299875,1474032300070,1474032300243",73.81.159.210,"1474032298436,1474032298773,1474032299077,1474032299259,1474032299562,1474032299795,1474032299984,1474032300180",4697455123759104
"1474057220467,1474057220611,1474057220747,1474057220987,1474057221443,1474057221539,1474057221667,1474057221915",2601:589:8202:9914:a5cb:9a24:fa07:2a8d,"1474057220338,1474057220475,1474057220659,1474057220827,1474057221259,1474057221403,1474057221547,1474057221779",4707299725672448
"1474035641311,1474035641583,1474035641798,1474035642007,1474035642326,1474035642567,1474035642743,1474035642983",69.15.253.50,"1474035641183,1474035641423,1474035641695,1474035641887,1474035642183,1474035642439,1474035642623,1474035642831",4720078595555328
"1474003269593,1474003269693,1474003269837,1474003269997,1474003270215,1474003270249,1474003270656,1474003270883",103.210.204.3,"1474003269513,1474003269587,1474003269766,1474003269905,1474003270084,1474003270183,1474003270576,1474003270807",4722539880251392
"1474029802434,1474029802626,1474029802826,1474029803002,1474029803218,1474029803306,1474029803426,1474029803922",199.90.35.12,"1474029802354,1474029802546,1474029802762,1474029802914,1474029803114,1474029803218,1474029803338,1474029803842",4729000584806400
"1474029806098,1474029806258,1474029806450,1474029806626,1474029806834,1474029806930,1474029807066,1474029807402",199.90.35.12,"1474029806018,1474029806186,1474029806386,1474029806546,1474029806738,1474029806834,1474029806954,1474029807314",4730836683325440
"1474037016858,1474037017075,1474037017312,1474037017495,1474037017850,1474037018064,1474037018352,1474037018585",103.252.25.153,"1474037016743,1474037016937,1474037017215,1474037017406,1474037017698,1474037017937,1474037018205,1474037018383",4734984816427008
"1474032462421,1474032462605,1474032462621,1474032462829,1474032463197,1474032463245,1474032463252,1474032463453",173.2.225.234,"1474032462157,1474032462357,1474032462493,1474032462677,1474032462949,1474032463077,1474032463149,1474032463341",4737484218957824
"1474015662253,1474015662309,1474015662477,1474015662629,1474015662821,1474015662997,1474015663077,1474015663269",115.99.248.170,"1474015662149,1474015662229,1474015662397,1474015662549,1474015662725,1474015662893,1474015662973,1474015663165",4738998194929664
"1474044870692,1474044870940,1474044871171,1474044871356,1474044871580,1474044871979,1474044872123,1474044872363",128.118.134.6,"1474044870604,1474044870844,1474044871115,1474044871283,1474044871508,1474044871875,1474044872043,1474044872284",4747406130282496
"1474036974269,1474036974483,1474036974654,1474036974834,1474036975215,1474036975303,1474036975468,1474036975691",103.252.25.153,"1474036974149,1474036974316,1474036974561,1474036974748,1474036975052,1474036975184,1474036975318,1474036975483",4754244791959552
"1474058120441,1474058120575,1474058120742,1474058120879,1474058121071,1474058121160,1474058121279,1474058121480",24.159.209.250,"1474058120335,1474058120488,1474058120664,1474058120800,1474058120960,1474058121079,1474058121177,1474058121376",4775657888284672
"1474036971273,1474036971451,1474036971649,1474036971788,1474036972284,1474036972940,1474036973283,1474036973563",103.252.25.153,"1474036971138,1474036971305,1474036971529,1474036971695,1474036972121,1474036972865,1474036973096,1474036973363",4783853222756352
"1474022533321,1474022533556,1474022533791,1474022534007,1474022534472,1474022534743,1474022534904,1474022535344",74.75.23.113,"1474022533225,1474022533443,1474022533694,1474022533895,1474022534347,1474022534659,1474022534779,1474022535238",4785074604081152
"1474067031353,1474067031549,1474067031828,1474067031976,1474067032176,1474067032731,1474067032939,1474067033178",65.24.240.144,"1474067031280,1474067031405,1474067031720,1474067031905,1474067032071,1474067032623,1474067032830,1474067033072",4791893401534464
"1474058122696,1474058122832,1474058122992,1474058123144,1474058123344,1474058123464,1474058123752,1474058123943",24.159.209.250,"1474058122608,1474058122736,1474058122904,1474058123048,1474058123232,1474058123368,1474058123647,1474058123856",4820696525963264
"1474022524148,1474022524301,1474022524483,1474022524668,1474022525022,1474022525158,1474022525389,1474022525834",74.75.23.113,"1474022524014,1474022524190,1474022524403,1474022524577,1474022524905,1474022525087,1474022525284,1474022525732",4824175986343936
"1474015658949,1474015659013,1474015659181,1474015659341,1474015659548,1474015659653,1474015659821,1474015660045",115.99.248.170,"1474015658856,1474015658973,1474015659125,1474015659262,1474015659453,1474015659573,1474015659718,1474015659925",4831648155697152
"1474015676069,1474015676213,1474015676421,1474015676597,1474015676797,1474015677253,1474015677373,1474015677597",115.99.248.170,"1474015675950,1474015676134,1474015676341,1474015676501,1474015676717,1474015677149,1474015677269,1474015677501",4860816083910656
"1474003267606,1474003267671,1474003267815,1474003267964,1474003268152,1474003268208,1474003268337,1474003268582",103.210.204.3,"1474003267513,1474003267591,1474003267757,1474003267888,1474003268047,1474003268140,1474003268244,1474003268442",4875722304782336
"1474015682892,1474015683084,1474015683348,1474015683508,1474015683740,1474015683957,1474015684052,1474015684268",115.99.248.170,"1474015682772,1474015683004,1474015683244,1474015683428,1474015683620,1474015683836,1474015683932,1474015684164",4894982280314880
"1474032447133,1474032447261,1474032447308,1474032447492,1474032447844,1474032447852,1474032447884,1474032448100",173.2.225.234,"1474032446885,1474032447036,1474032447180,1474032447356,1474032447588,1474032447708,1474032447757,1474032447988",4896606314823680
"1474047654046,1474047654213,1474047654385,1474047654566,1474047654792,1474047654877,1474047654975,1474047655183",173.19.149.111,"1474047653946,1474047654046,1474047654244,1474047654448,1474047654645,1474047654744,1474047654862,1474047655059",4916395376640000
"1474042942156,1474042942348,1474042942420,1474042942596,1474042942804,1474042942908,1474042943020,1474042943212",64.245.199.146,"1474042942044,1474042942156,1474042942324,1474042942532,1474042942708,1474042942860,1474042942948,1474042943116",4930785127694336
"1474044875332,1474044875636,1474044875964,1474044876172,1474044876412,1474044876652,1474044876900,1474044877124",128.118.134.6,"1474044875244,1474044875532,1474044875892,1474044876100,1474044876332,1474044876580,1474044876820,1474044877028",4940719118614528
"1474042946612,1474042946779,1474042946843,1474042947019,1474042947459,1474042947939,1474042948076,1474042948284",64.245.199.146,"1474042946548,1474042946659,1474042946740,1474042946947,1474042947387,1474042947868,1474042947996,1474042948205",4945362783567872
"1474067027868,1474067028203,1474067028423,1474067028587,1474067028878,1474067029385,1474067029557,1474067029856",65.24.240.144,"1474067027799,1474067028096,1474067028353,1474067028517,1474067028771,1474067029313,1474067029451,1474067029747",4945704233467904
"1474047660919,1474047661062,1474047661206,1474047661390,1474047661593,1474047661682,1474047661749,1474047661941",173.19.149.111,"1474047660816,1474047660912,1474047661042,1474047661272,1474047661452,1474047661569,1474047661645,1474047661819",4955626144792576
"1474082763078,1474082763327,1474082763565,1474082763770,1474082764828,1474082765452,1474082765880,1474082766234",2602:306:cfca:e330:900:52b2:d039:5f6d,"1474082762954,1474082763145,1474082763460,1474082763629,1474082764675,1474082765292,1474082765733,1474082766055",4972385644052480
"1474044856405,1474044856628,1474044856900,1474044857092,1474044857732,1474044857932,1474044858084,1474044858308",128.118.134.6,"1474044856317,1474044856524,1474044856836,1474044857028,1474044857668,1474044857860,1474044857988,1474044858236",4978930100469760
"1474015672853,1474015673422,1474015673717,1474015673861,1474015674093,1474015674293,1474015674373,1474015674565",115.99.248.170,"1474015672738,1474015673317,1474015673653,1474015673805,1474015673973,1474015674173,1474015674277,1474015674469",4996618386407424
"1474082825157,1474082825317,1474082825502,1474082825637,1474082825813,1474082825917,1474082826021,1474082826181",99.9.191.4,"1474082825077,1474082825237,1474082825437,1474082825573,1474082825757,1474082825869,1474082825965,1474082826125",5001553572265984
"1474067056005,1474067056181,1474067056400,1474067056568,1474067056804,1474067056980,1474067057199,1474067057387",65.24.240.144,"1474067055896,1474067056075,1474067056329,1474067056496,1474067056697,1474067056872,1474067057094,1474067057318",5004014856962048
"1474042932028,1474042932260,1474042932348,1474042932516,1474042932708,1474042932796,1474042932884,1474042933084",64.245.199.146,"1474042931948,1474042932092,1474042932261,1474042932436,1474042932612,1474042932732,1474042932820,1474042932996",5010475561517056
"1474057253634,1474057253825,1474057253993,1474057254170,1474057254409,1474057254546,1474057254690,1474057254922",2601:589:8202:9914:a5cb:9a24:fa07:2a8d,"1474057253530,1474057253682,1474057253905,1474057254090,1474057254273,1474057254426,1474057254586,1474057254826",5012311660036096
"1474042951764,1474042951932,1474042951988,1474042952172,1474042952396,1474042952492,1474042952628,1474042952948",64.245.199.146,"1474042951628,1474042951764,1474042951893,1474042952084,1474042952284,1474042952420,1474042952556,1474042952852",5018959195668480
"1474042944508,1474042944676,1474042944748,1474042944932,1474042945468,1474042945580,1474042945676,1474042945868",64.245.199.146,"1474042944420,1474042944556,1474042944652,1474042944860,1474042945380,1474042945508,1474042945604,1474042945804",5020473171640320
"1474080210931,1474080211110,1474080211303,1474080211487,1474080211970,1474080212336,1474080212455,1474080212657",173.63.184.135,"1474080210838,1474080211025,1474080211235,1474080211416,1474080211888,1474080212236,1474080212399,1474080212596",5028881106993152
"1474080193117,1474080193271,1474080193456,1474080193623,1474080193906,1474080194223,1474080194375,1474080194593",173.63.184.135,"1474080193010,1474080193180,1474080193396,1474080193565,1474080193826,1474080194140,1474080194317,1474080194531",5035719768670208
"1474058115528,1474058115674,1474058115856,1474058115992,1474058116208,1474058116360,1474058116511,1474058116712",24.159.209.250,"1474058115432,1474058115568,1474058115773,1474058115896,1474058116088,1474058116259,1474058116408,1474058116624",5065328199467008
"1474057234473,1474057234706,1474057234874,1474057235097,1474057235330,1474057235482,1474057235585,1474057235826",2601:589:8202:9914:a5cb:9a24:fa07:2a8d,"1474057234346,1474057234546,1474057234778,1474057234978,1474057235193,1474057235337,1474057235466,1474057235698",5102171502673920
"1474082768222,1474082768506,1474082768690,1474082768886,1474082769224,1474082769420,1474082769636,1474082771970",2602:306:cfca:e330:900:52b2:d039:5f6d,"1474082768054,1474082768339,1474082768592,1474082768745,1474082769076,1474082769242,1474082769480,1474082771775",5207287069147136
"1474035617695,1474035617871,1474035618047,1474035618207,1474035618439,1474035618767,1474035618911,1474035619143",69.15.253.50,"1474035617551,1474035617703,1474035617943,1474035618119,1474035618303,1474035618639,1474035618775,1474035618991",5212260104404992
"1474082777782,1474082777962,1474082778137,1474082778408,1474082778735,1474082778895,1474082779104,1474082779359",2602:306:cfca:e330:900:52b2:d039:5f6d,"1474082777634,1474082777794,1474082778025,1474082778173,1474082778557,1474082778742,1474082778957,1474082779198",5217233139662848
"1474015691396,1474015691532,1474015691797,1474015691932,1474015692172,1474015692357,1474015692420,1474015692628",115.99.248.170,"1474015691277,1474015691444,1474015691692,1474015691852,1474015692052,1474015692236,1474015692316,1474015692524",5222194095325184
"1474035653591,1474035654287,1474035654631,1474035654847,1474035655143,1474035655351,1474035655502,1474035655767",69.15.253.50,"1474035653448,1474035654119,1474035654519,1474035654743,1474035654999,1474035655223,1474035655407,1474035655607",5226837760278528
"1474058110824,1474058110975,1474058111143,1474058111280,1474058111480,1474058111592,1474058111720,1474058111912",24.159.209.250,"1474058110744,1474058110890,1474058111055,1474058111184,1474058111374,1474058111496,1474058111624,1474058111819",5227179210178560
"1474037023326,1474037023554,1474037023743,1474037023927,1474037024223,1474037024423,1474037024655,1474037024899",103.252.25.153,"1474037023226,1474037023389,1474037023648,1474037023843,1474037024068,1474037024269,1474037024501,1474037024671",5237101121503232
"1474067050057,1474067050314,1474067050571,1474067050764,1474067050976,1474067051323,1474067051540,1474067051759",65.24.240.144,"1474067049986,1474067050204,1474067050465,1474067050657,1474067050869,1474067051215,1474067051433,1474067051650",5242036307361792
"1474082818806,1474082818918,1474082819078,1474082819222,1474082819390,1474082819478,1474082819574,1474082819750",99.9.191.4,"1474082818742,1474082818854,1474082819031,1474082819158,1474082819318,1474082819422,1474082819510,1474082819684",5250536852946944
"1474058105584,1474058105743,1474058106069,1474058106070,1474058106232,1474058106344,1474058106488,1474058106672",24.159.209.250,"1474058105494,1474058105643,1474058106068,1474058106069,1474058106127,1474058106248,1474058106400,1474058106584",5253860620763136
"1474037027440,1474037027588,1474037027791,1474037027974,1474037029103,1474037029421,1474037029670,1474037029901",103.252.25.153,"1474037027325,1474037027455,1474037027671,1474037027875,1474037028957,1474037029275,1474037029521,1474037029701",5260405077180416
"1474082791476,1474082791628,1474082791812,1474082791939,1474082792123,1474082792211,1474082792316,1474082792515",99.9.191.4,"1474082791404,1474082791564,1474082791756,1474082791884,1474082792051,1474082792139,1474082792260,1474082792443",5270249679093760
"1474037019081,1474037019308,1474037019494,1474037019662,1474037020007,1474037020176,1474037020393,1474037020620",103.252.25.153,"1474037018937,1474037019154,1474037019405,1474037019595,1474037019859,1474037020069,1474037020274,1474037020408",5283028548976640
"1474035624375,1474035624551,1474035624719,1474035624895,1474035625111,1474035625255,1474035625406,1474035625623",69.15.253.50,"1474035624232,1474035624383,1474035624623,1474035624791,1474035624983,1474035625143,1474035625271,1474035625487",5285489833672704
"1474032466148,1474032466221,1474032466252,1474032466437,1474032466749,1474032466781,1474032466789,1474032466973",173.2.225.234,"1474032465933,1474032466029,1474032466133,1474032466317,1474032466517,1474032466613,1474032466685,1474032466869",5291950538227712
"1474036937528,1474036937932,1474036938198,1474036938427,1474036938791,1474036939026,1474036939209,1474036939425",103.252.25.153,"1474036937383,1474036937762,1474036938104,1474036938307,1474036938630,1474036938885,1474036939057,1474036939272",5293786636746752
"1474082794111,1474082794332,1474082794554,1474082794771,1474082795289,1474082795673,1474082795815,1474082796116",2602:306:cfca:e330:900:52b2:d039:5f6d,"1474082793951,1474082794171,1474082794448,1474082794617,1474082795129,1474082795507,1474082795666,1474082795942",5297934769848320
"1474036969107,1474036969398,1474036969603,1474036969789,1474036970133,1474036970292,1474036970341,1474036970490",103.252.25.153,"1474036968976,1474036969207,1474036969498,1474036969666,1474036969963,1474036970211,1474036970273,1474036970419",5300434172379136
"1474037032739,1474037032952,1474037033338,1474037033524,1474037033805,1474037033987,1474037034332,1474037034565",103.252.25.153,"1474037032633,1474037032786,1474037033202,1474037033416,1474037033680,1474037033852,1474037034128,1474037034348",5301948148350976
"1474048894686,1474048894798,1474048894927,1474048895102,1474048895446,1474048895446,1474048895614,1474048895910",162.198.166.54,"1474048894550,1474048894654,1474048894830,1474048894998,1474048895214,1474048895302,1474048895446,1474048895750",5310356083703808
"1474037025378,1474037025540,1474037025759,1474037025930,1474037026322,1474037026540,1474037026756,1474037026967",103.252.25.153,"1474037025324,1474037025409,1474037025665,1474037025878,1474037026174,1474037026400,1474037026618,1474037026756",5317194745380864
"1474042948892,1474042949028,1474042949100,1474042949292,1474042949636,1474042949748,1474042949860,1474042950084",64.245.199.146,"1474042948772,1474042948893,1474042948996,1474042949212,1474042949532,1474042949676,1474042949780,1474042949996",5346803176177664
"1474032305624,1474032305871,1474032306078,1474032306237,1474032306415,1474032306588,1474032306776,1474032307004",73.81.159.210,"1474032305553,1474032305796,1474032306001,1474032306172,1474032306346,1474032306525,1474032306698,1474032306937",5348024557502464
"1474036996380,1474036996595,1474036996799,1474036996936,1474036997441,1474036997697,1474036998713,1474036998960",103.252.25.153,"1474036996263,1474036996443,1474036996720,1474036996899,1474036997295,1474036997584,1474036998586,1474036998791",5350511075131392
"1474082812464,1474082812600,1474082812768,1474082812911,1474082813087,1474082813183,1474082813287,1474082813447",99.9.191.4,"1474082812384,1474082812528,1474082812720,1474082812848,1474082813015,1474082813127,1474082813231,1474082813383",5354843354955776
"1474048922446,1474048922710,1474048922854,1474048923030,1474048923278,1474048923390,1474048923494,1474048923974",162.198.166.54,"1474048922351,1474048922551,1474048922758,1474048922926,1474048923134,1474048923255,1474048923390,1474048923838",5357970628018176
"1474047657666,1474047657833,1474047658017,1474047658186,1474047658411,1474047658493,1474047658586,1474047658787",173.19.149.111,"1474047657564,1474047657670,1474047657869,1474047658068,1474047658278,1474047658371,1474047658471,1474047658670",5361079110598656
"1474015685108,1474015685300,1474015685548,1474015685684,1474015686076,1474015686332,1474015687068,1474015687284",115.99.248.170,"1474015685004,1474015685196,1474015685445,1474015685628,1474015685996,1474015686228,1474015686964,1474015687180",5367575248633856
"1474015664581,1474015664708,1474015664919,1474015665046,1474015665253,1474015665496,1474015665573,1474015665789",115.99.248.170,"1474015664437,1474015664629,1474015664821,1474015664989,1474015665173,1474015665373,1474015665477,1474015665685",5367916698533888
"1474029820561,1474029820730,1474029820929,1474029821105,1474029821313,1474029821426,1474029821538,1474029821865",199.90.35.12,"1474029820482,1474029820649,1474029820857,1474029821017,1474029821225,1474029821337,1474029821465,1474029821793",5372838999490560
"1474015651629,1474015651878,1474015652125,1474015652294,1474015652500,1474015652669,1474015652773,1474015652981",115.99.248.170,"1474015651550,1474015651773,1474015652029,1474015652189,1474015652397,1474015652572,1474015652693,1474015652878",5377838609858560
"1474003260040,1474003260136,1474003260262,1474003260423,1474003260600,1474003260643,1474003260821,1474003261056",103.210.204.3,"1474003259948,1474003260025,1474003260196,1474003260336,1474003260481,1474003260572,1474003260703,1474003260968",5382773795717120
"1474067040835,1474067041067,1474067041286,1474067041503,1474067041730,1474067041950,1474067042145,1474067042357",65.24.240.144,"1474067040763,1474067040923,1474067041216,1474067041398,1474067041625,1474067041845,1474067042037,1474067042252",5387125939765248
"1474037030454,1474037030620,1474037030840,1474037031023,1474037031387,1474037031607,1474037031961,1474037032233",103.252.25.153,"1474037030305,1474037030470,1474037030729,1474037030918,1474037031242,1474037031497,1474037031779,1474037032039",5394598109118464
"1474035611766,1474035611982,1474035612222,1474035612407,1474035612663,1474035612830,1474035613015,1474035613262",69.15.253.50,"1474035611647,1474035611814,1474035612086,1474035612302,1474035612526,1474035612703,1474035612871,1474035613111",5410987167449088
"1474029782106,1474029782218,1474029782418,1474029782618,1474029782826,1474029782946,1474029783058,1474029783610",199.90.35.12,"1474029782010,1474029782162,1474029782362,1474029782514,1474029782722,1474029782826,1474029782962,1474029783506",5423766037331968
"1474003250399,1474003250495,1474003250631,1474003250802,1474003251001,1474003251055,1474003251165,1474003251389",103.210.204.3,"1474003250298,1474003250377,1474003250570,1474003250704,1474003250888,1474003250980,1474003251095,1474003251284",5434524125102080
"1474036946345,1474036946607,1474036946794,1474036946947,1474036947217,1474036947444,1474036947633,1474036947844",103.252.25.153,"1474036946248,1474036946454,1474036946700,1474036946860,1474036947069,1474036947349,1474036947488,1474036947649",5438672258203648
"1474003253000,1474003253131,1474003253249,1474003253421,1474003253625,1474003253665,1474003253782,1474003254021",103.210.204.3,"1474003252917,1474003253013,1474003253196,1474003253312,1474003253507,1474003253598,1474003253698,1474003253900",5441171660734464
"1474022504402,1474022504655,1474022504918,1474022505131,1474022505941,1474022506251,1474022506550,1474022506975",74.75.23.113,"1474022504287,1474022504561,1474022504838,1474022505023,1474022505890,1474022506145,1474022506456,1474022506897",5457932233736192
"1474048940150,1474048940358,1474048940478,1474048940662,1474048941006,1474048941007,1474048941142,1474048941414",162.198.166.54,"1474048940031,1474048940182,1474048940399,1474048940567,1474048940774,1474048940886,1474048941022,1474048941270",5459556268244992
"1474057227890,1474057228058,1474057228258,1474057228514,1474057229098,1474057229466,1474057229561,1474057229849",2601:589:8202:9914:a5cb:9a24:fa07:2a8d,"1474057227762,1474057227914,1474057228146,1474057228338,1474057228946,1474057229282,1474057229434,1474057229666",5479345330061312
"1474032451085,1474032451140,1474032451156,1474032451348,1474032451652,1474032451732,1474032451748,1474032451948",173.2.225.234,"1474032450857,1474032450972,1474032451092,1474032451220,1474032451452,1474032451585,1474032451628,1474032451844",5487540664532992
"1474082768864,1474082769040,1474082769208,1474082769336,1474082769520,1474082769656,1474082769792,1474082769968",99.9.191.4,"1474082768792,1474082768968,1474082769160,1474082769280,1474082769456,1474082769600,1474082769728,1474082769904",5493735081115648
"1474048906326,1474048906526,1474048906646,1474048906822,1474048907118,1474048907142,1474048907254,1474048907550",162.198.166.54,"1474048906222,1474048906374,1474048906574,1474048906726,1474048906926,1474048906990,1474048907143,1474048907390",5503669072035840
"1474057237234,1474057237386,1474057237546,1474057237738,1474057237978,1474057238114,1474057238242,1474057238586",2601:589:8202:9914:a5cb:9a24:fa07:2a8d,"1474057237098,1474057237250,1474057237458,1474057237634,1474057237850,1474057237986,1474057238130,1474057238458",5508312736989184
"1474082747841,1474082748084,1474082748276,1474082748452,1474082748763,1474082748947,1474082749225,1474082750258",2602:306:cfca:e330:900:52b2:d039:5f6d,"1474082747706,1474082747913,1474082748162,1474082748302,1474082748609,1474082748793,1474082749068,1474082750129",5518576098213888
"1474048942254,1474048942462,1474048942574,1474048942758,1474048943062,1474048943102,1474048943230,1474048943478",162.198.166.54,"1474048942166,1474048942318,1474048942486,1474048942654,1474048942846,1474048942902,1474048943102,1474048943350",5541880053891072
"1474022550079,1474022550324,1474022550557,1474022550781,1474022551196,1474022551412,1474022551581,1474022551913",74.75.23.113,"1474022549991,1474022550215,1474022550466,1474022550662,1474022551071,1474022551334,1474022551476,1474022551822",5559568339828736
"1474080233697,1474080233881,1474080234050,1474080234217,1474080234415,1474080234749,1474080234868,1474080235054",173.63.184.135,"1474080233613,1474080233806,1474080233990,1474080234159,1474080234342,1474080234665,1474080234796,1474080234993",5573425514938368
"1474082786773,1474082786972,1474082787186,1474082787352,1474082787647,1474082787684,1474082787764,1474082787948",99.9.191.4,"1474082786708,1474082786908,1474082787116,1474082787260,1474082787644,1474082787647,1474082787700,1474082787892",5575261613457408
"1474080145199,1474080145349,1474080145502,1474080145652,1474080145836,1474080145968,1474080146070,1474080146238",173.63.184.135,"1474080145101,1474080145261,1474080145443,1474080145581,1474080145761,1474080145883,1474080146000,1474080146169",5581909149089792
"1474047641809,1474047642014,1474047642255,1474047642452,1474047642811,1474047642868,1474047643068,1474047643316",173.19.149.111,"1474047641706,1474047641856,1474047642116,1474047642335,1474047642630,1474047642752,1474047642924,1474047643159",5583423125061632
"1474067037721,1474067037926,1474067038180,1474067038348,1474067038595,1474067039011,1474067039218,1474067039458",65.24.240.144,"1474067037651,1474067037818,1474067038108,1474067038275,1474067038491,1474067038906,1474067039146,1474067039350",5628278152888320
"1474048920551,1474048920775,1474048920911,1474048921078,1474048921350,1474048921414,1474048921510,1474048921798",162.198.166.54,"1474048920471,1474048920614,1474048920775,1474048920959,1474048921174,1474048921271,1474048921414,1474048921646",5665121456095232
"1474082052724,1474082052795,1474082052866,1474082052997,1474082053178,1474082053362,1474082053433,1474082053565",108.15.192.232,"1474082052581,1474082052731,1474082052800,1474082052927,1474082053068,1474082053255,1474082053325,1474082053456",5714775304568832
"1474047685707,1474047685887,1474047685941,1474047686128,1474047686393,1474047686462,1474047686528,1474047686709",173.19.149.111,"1474047685559,1474047685671,1474047685794,1474047686004,1474047686228,1474047686344,1474047686427,1474047686597",5770237022568448
"1474032423917,1474032424172,1474032424484,1474032424716,1474032425820,1474032425852,1474032425908,1474032426251",173.2.225.234,"1474032423708,1474032423980,1474032424371,1474032424563,1474032425564,1474032425692,1474032425779,1474032426115",5775210057826304
"1474075597220,1474075597741,1474075597925,1474075598085,1474075598412,1474075598557,1474075598789,1474075599069",104.229.237.190,"1474075597093,1474075597541,1474075597805,1474075597989,1474075598189,1474075598381,1474075598629,1474075598885",5780183093084160
"1474082822254,1474082822374,1474082822526,1474082822670,1474082822846,1474082822958,1474082823038,1474082823198",99.9.191.4,"1474082822190,1474082822294,1474082822478,1474082822606,1474082822782,1474082822894,1474082822982,1474082823134",5783291575664640
"1474015669949,1474015670110,1474015670428,1474015670580,1474015670853,1474015671189,1474015671597,1474015671789",115.99.248.170,"1474015669806,1474015670045,1474015670365,1474015670517,1474015670724,1474015671069,1474015671493,1474015671709",5785144048746496
"1474032435634,1474032435668,1474032436060,1474032436260,1474032436660,1474032436668,1474032436716,1474032437068",173.2.225.234,"1474032435288,1474032435635,1474032435964,1474032436132,1474032436372,1474032436476,1474032436589,1474032436916",5789787713699840
"1474044884244,1474044884524,1474044884780,1474044884972,1474044885196,1474044885428,1474044885628,1474044885852",128.118.134.6,"1474044884148,1474044884420,1474044884707,1474044884900,1474044885116,1474044885347,1474044885548,1474044885771",5790129163599872
"1474036994316,1474036994496,1474036994666,1474036994817,1474036995132,1474036995297,1474036995545,1474036995852",103.252.25.153,"1474036994197,1474036994366,1474036994574,1474036994728,1474036994957,1474036995164,1474036995382,1474036995670",5800051074924544
"1474036999446,1474036999649,1474036999831,1474037000015,1474037000384,1474037000730,1474037001027,1474037001309",103.252.25.153,"1474036999315,1474036999477,1474036999742,1474036999920,1474037000242,1474037000609,1474037000870,1474037001137",5804986260783104
"1474037007192,1474037007398,1474037007763,1474037007945,1474037008258,1474037008476,1474037008792,1474037009057",103.252.25.153,"1474037007027,1474037007254,1474037007657,1474037007845,1474037008085,1474037008336,1474037008648,1474037008886",5813486806368256
"1474048908046,1474048908238,1474048908358,1474048908518,1474048908838,1474048908982,1474048909286,1474048909590",162.198.166.54,"1474048907950,1474048908086,1474048908230,1474048908406,1474048908630,1474048908758,1474048909190,1474048909438",5816810574184448
"1474035658059,1474035658259,1474035658500,1474035658715,1474035658939,1474035659155,1474035659307,1474035659587",69.15.253.50,"1474035657939,1474035658116,1474035658404,1474035658595,1474035658811,1474035659019,1474035659179,1474035659419",5823355030601728
"1474058108344,1474058108487,1474058108672,1474058108823,1474058109008,1474058109168,1474058109416,1474058109620",24.159.209.250,"1474058108256,1474058108386,1474058108591,1474058108728,1474058108904,1474058109072,1474058109304,1474058109528",5833199632515072
"1474036953648,1474036953854,1474036954076,1474036954244,1474036954639,1474036954857,1474036955003,1474036955339",103.252.25.153,"1474036953504,1474036953726,1474036953979,1474036954170,1474036954510,1474036954733,1474036954811,1474036955191",5845978502397952
"1474032441748,1474032441996,1474032442252,1474032442676,1474032443108,1474032443116,1474032443188,1474032443508",173.2.225.234,"1474032441484,1474032441756,1474032442132,1474032442525,1474032442820,1474032442916,1474032443044,1474032443373",5848439787094016
"1474029817138,1474029817313,1474029817514,1474029817698,1474029817906,1474029817986,1474029818121,1474029818354",199.90.35.12,"1474029817058,1474029817234,1474029817434,1474029817602,1474029817802,1474029817906,1474029818025,1474029818281",5854900491649024
"1474029809530,1474029809722,1474029809914,1474029810474,1474029810706,1474029810938,1474029811026,1474029811266",199.90.35.12,"1474029809458,1474029809642,1474029809866,1474029810354,1474029810618,1474029810770,1474029810938,1474029811186",5856736590168064
"1474044908223,1474044908591,1474044909015,1474044909271,1474044909583,1474044909871,1474044910087,1474044910343",128.118.134.6,"1474044908143,1474044908495,1474044908935,1474044909183,1474044909495,1474044909775,1474044910007,1474044910271",5860884723269632
"1474036951258,1474036951505,1474036951697,1474036951854,1474036952271,1474036952423,1474036952857,1474036953083",103.252.25.153,"1474036951121,1474036951336,1474036951599,1474036951775,1474036952120,1474036952389,1474036952726,1474036952919",5863384125800448
"1474035649655,1474035649927,1474035650119,1474035650319,1474035650559,1474035650751,1474035650903,1474035651143",69.15.253.50,"1474035649543,1474035649775,1474035650023,1474035650207,1474035650431,1474035650631,1474035650799,1474035650975",5864898101772288
"1474047696067,1474047696153,1474047696263,1474047696437,1474047696630,1474047696711,1474047696778,1474047696938",173.19.149.111,"1474047695956,1474047696024,1474047696153,1474047696322,1474047696506,1474047696590,1474047696674,1474047696822",5873306037125120
"1474037004179,1474037004377,1474037004561,1474037004746,1474037005359,1474037005562,1474037006018,1474037006476",103.252.25.153,"1474037004061,1474037004226,1474037004440,1474037004635,1474037005207,1474037005437,1474037005877,1474037006322",5880144698802176
"1474082790310,1474082790558,1474082790736,1474082790939,1474082791286,1474082791525,1474082791744,1474082792020",2602:306:cfca:e330:900:52b2:d039:5f6d,"1474082790142,1474082790404,1474082790651,1474082790803,1474082791156,1474082791380,1474082791588,1474082791861",5901557795127296
"1474037021090,1474037021274,1474037021492,1474037021645,1474037021986,1474037022209,1474037022547,1474037022854",103.252.25.153,"1474037020946,1474037021137,1474037021384,1474037021570,1474037021859,1474037022095,1474037022362,1474037022649",5909753129598976
"1474032294665,1474032294822,1474032295090,1474032295265,1474032295508,1474032295641,1474032295761,1474032295992",73.81.159.210,"1474032294593,1474032294748,1474032295009,1474032295199,1474032295438,1474032295555,1474032295703,1474032295918",5910974510923776
"1474022528364,1474022528659,1474022528934,1474022529180,1474022529633,1474022529898,1474022530203,1474022530607",74.75.23.113,"1474022528282,1474022528551,1474022528839,1474022529066,1474022529527,1474022529842,1474022530105,1474022530511",5913461028552704
"1474082787338,1474082787624,1474082787816,1474082788018,1474082788440,1474082788744,1474082788922,1474082789190",2602:306:cfca:e330:900:52b2:d039:5f6d,"1474082787189,1474082787475,1474082787724,1474082787874,1474082788291,1474082788573,1474082788792,1474082789036",5917793308377088
"1474037001905,1474037002117,1474037002316,1474037002544,1474037002909,1474037003063,1474037003343,1474037003760",103.252.25.153,"1474037001781,1474037001967,1474037002226,1474037002410,1474037002747,1474037002925,1474037003202,1474037003578",5920920581439488
"1474044880540,1474044880788,1474044881044,1474044881220,1474044881468,1474044881868,1474044882100,1474044882356",128.118.134.6,"1474044880452,1474044880700,1474044880988,1474044881156,1474044881380,1474044881796,1474044882012,1474044882276",5924029064019968
"1474029789130,1474029789274,1474029789667,1474029789890,1474029790394,1474029790570,1474029790634,1474029791026",199.90.35.12,"1474029789026,1474029789202,1474029789554,1474029789786,1474029790306,1474029790458,1474029790554,1474029790922",5935788952911872
"1474003237266,1474003237354,1474003237462,1474003237624,1474003237892,1474003237919,1474003238057,1474003238274",103.210.204.3,"1474003237153,1474003237205,1474003237405,1474003237519,1474003237760,1474003237812,1474003237982,1474003238168",5945723749138432
"1474082799982,1474082800324,1474082800687,1474082800934,1474082801739,1474082801965,1474082802135,1474082802432",2602:306:cfca:e330:900:52b2:d039:5f6d,"1474082799856,1474082800132,1474082800563,1474082800734,1474082801575,1474082801774,1474082801965,1474082802240",5946596432805888
"1474057231074,1474057231314,1474057231826,1474057232090,1474057232402,1474057232754,1474057232882,1474057233122",2601:589:8202:9914:a5cb:9a24:fa07:2a8d,"1474057230938,1474057231138,1474057231722,1474057231914,1474057232306,1474057232562,1474057232746,1474057232978",5950075893186560
"1474022541904,1474022542115,1474022542337,1474022542544,1474022542980,1474022543224,1474022543390,1474022543729",74.75.23.113,"1474022541805,1474022542004,1474022542241,1474022542428,1474022542860,1474022543154,1474022543299,1474022543635",5957548062539776
"1474022514515,1474022514727,1474022515003,1474022515214,1474022515625,1474022515845,1474022516034,1474022516378",74.75.23.113,"1474022514412,1474022514635,1474022514898,1474022515103,1474022515513,1474022515735,1474022515920,1474022516257",5986715990753280
"1474032312178,1474032312479,1474032312736,1474032312914,1474032313158,1474032313375,1474032313573,1474032313765",73.81.159.210,"1474032312095,1474032312396,1474032312663,1474032312846,1474032313086,1474032313299,1474032313485,1474032313698",6001622211624960
"1474015694548,1474015694652,1474015694836,1474015695020,1474015695228,1474015695388,1474015695444,1474015695652",115.99.248.170,"1474015694452,1474015694572,1474015694756,1474015694924,1474015695108,1474015695308,1474015695365,1474015695548",6020882187157504
"1474048910182,1474048910374,1474048910598,1474048910998,1474048911310,1474048911398,1474048911534,1474048911798",162.198.166.54,"1474048910086,1474048910214,1474048910374,1474048910885,1474048911142,1474048911254,1474048911446,1474048911646",6022506221666304
"1474047664017,1474047664179,1474047664327,1474047664503,1474047664706,1474047664809,1474047664883,1474047665072",173.19.149.111,"1474047663932,1474047664032,1474047664195,1474047664380,1474047664583,1474047664687,1474047664766,1474047664960",6042295283482624
"1474022537857,1474022538079,1474022538295,1474022538507,1474022538875,1474022539056,1474022539282,1474022539641",74.75.23.113,"1474022537752,1474022537984,1474022538202,1474022538402,1474022538767,1474022538966,1474022539170,1474022539546",6050490617954304
"1474075591125,1474075591349,1474075591421,1474075591605,1474075591957,1474075592021,1474075592781,1474075593477",104.229.237.190,"1474075590997,1474075591181,1474075591301,1474075591485,1474075591749,1474075591900,1474075592638,1474075593277",6056685034536960
"1474047649741,1474047649956,1474047650048,1474047650239,1474047650502,1474047650563,1474047650660,1474047650857",173.19.149.111,"1474047649628,1474047649741,1474047649892,1474047650108,1474047650329,1474047650425,1474047650540,1474047650732",6066619025457152
"1474048912334,1474048912486,1474048912590,1474048912782,1474048913022,1474048913102,1474048913174,1474048913446",162.198.166.54,"1474048912246,1474048912350,1474048912486,1474048912662,1474048912870,1474048912950,1474048913086,1474048913294",6071262690410496
"1474067043758,1474067043894,1474067044178,1474067044370,1474067044561,1474067044992,1474067045169,1474067045412",65.24.240.144,"1474067043650,1474067043786,1474067044070,1474067044264,1474067044456,1474067044887,1474067045060,1474067045307",6071604140310528
"1474058061017,1474058061337,1474058061543,1474058061681,1474058061913,1474058062048,1474058062182,1474058062410",24.159.209.250,"1474058060922,1474058061226,1474058061449,1474058061585,1474058061818,1474058061953,1474058062089,1474058062297",6081526051635200
"1474080124456,1474080124671,1474080124887,1474080125039,1474080125279,1474080125447,1474080125575,1474080125783",173.63.184.135,"1474080124368,1474080124559,1474080124823,1474080124982,1474080125198,1474080125374,1474080125511,1474080125719",6098285550895104
"1474047676564,1474047676748,1474047676837,1474047677043,1474047677199,1474047677674,1474047677839,1474047678043",173.19.149.111,"1474047676460,1474047676580,1474047676712,1474047676903,1474047677154,1474047677591,1474047677745,1474047677902",6104830007312384
"1474022519615,1474022519802,1474022520051,1474022520240,1474022520654,1474022520868,1474022521051,1474022521369",74.75.23.113,"1474022519525,1474022519711,1474022519946,1474022520144,1474022520546,1474022520777,1474022520959,1474022521269",6122518293250048
"1474047680971,1474047681134,1474047681273,1474047681476,1474047681696,1474047681794,1474047681850,1474047682024",173.19.149.111,"1474047680847,1474047680987,1474047681150,1474047681335,1474047681554,1474047681682,1474047681760,1474047681922",6136375468359680
"1474067046850,1474067047033,1474067047282,1474067047493,1474067047725,1474067048092,1474067048252,1474067048556",65.24.240.144,"1474067046741,1474067046926,1474067047209,1474067047386,1474067047616,1474067047987,1474067048180,1474067048448",6138211566878720
"1474082755123,1474082755453,1474082755659,1474082755903,1474082756525,1474082756819,1474082757168,1474082757455",2602:306:cfca:e330:900:52b2:d039:5f6d,"1474082754939,1474082755286,1474082755542,1474082755728,1474082756389,1474082756663,1474082757029,1474082757296",6144859102511104
"1474044887686,1474044887966,1474044888270,1474044888470,1474044888687,1474044889070,1474044889310,1474044889534",128.118.134.6,"1474044887591,1474044887870,1474044888206,1474044888398,1474044888606,1474044888982,1474044889238,1474044889462",6146373078482944
"1474067034535,1474067034692,1474067034975,1474067035146,1474067035361,1474067035909,1474067036124,1474067036388",65.24.240.144,"1474067034465,1474067034583,1474067034867,1474067035039,1474067035254,1474067035803,1474067036052,1474067036282",6191228106309632
"1474057256514,1474057256714,1474057256873,1474057257066,1474057257290,1474057257474,1474057257609,1474057257866",2601:589:8202:9914:a5cb:9a24:fa07:2a8d,"1474057256418,1474057256578,1474057256794,1474057256986,1474057257178,1474057257362,1474057257498,1474057257746",6228071409516544
"1474003247373,1474003247456,1474003247575,1474003247746,1474003247988,1474003248009,1474003248210,1474003248424",103.210.204.3,"1474003247267,1474003247363,1474003247527,1474003247646,1474003247857,1474003247943,1474003248119,1474003248319",6231550869897216
"1474032287696,1474032288274,1474032288916,1474032289116,1474032289554,1474032289726,1474032289907,1474032290134",73.81.159.210,"1474032287592,1474032288209,1474032288842,1474032289041,1474032289475,1474032289648,1474032289820,1474032290063",6303981198376960
"1474035683908,1474035684108,1474035684332,1474035684548,1474035684780,1474035684924,1474035685060,1474035685292",69.15.253.50,"1474035683780,1474035683948,1474035684228,1474035684420,1474035684636,1474035684804,1474035684932,1474035685140",6323770260193280
"1474082815495,1474082815655,1474082815823,1474082815959,1474082816143,1474082816303,1474082816415,1474082816591",99.9.191.4,"1474082815431,1474082815575,1474082815775,1474082815895,1474082816087,1474082816266,1474082816351,1474082816527",6333186975989760
"1474035646038,1474035646246,1474035646454,1474035646646,1474035646886,1474035647070,1474035647230,1474035647478",69.15.253.50,"1474035645894,1474035646094,1474035646366,1474035646542,1474035646742,1474035646934,1474035647110,1474035647326",6338160011247616
"1474082800586,1474082800762,1474082800962,1474082801124,1474082801298,1474082801394,1474082801506,1474082801674",99.9.191.4,"1474082800522,1474082800706,1474082800906,1474082801026,1474082801226,1474082801330,1474082801450,1474082801610",6343133046505472
"1474032323180,1474032323445,1474032323662,1474032323814,1474032324048,1474032324241,1474032324431,1474032325093",73.81.159.210,"1474032323105,1474032323367,1474032323601,1474032323740,1474032323985,1474032324182,1474032324366,1474032325039",6348094002167808
"1474036948525,1474036948791,1474036948998,1474036949178,1474036949476,1474036949663,1474036949822,1474036950111",103.252.25.153,"1474036948415,1474036948635,1474036948900,1474036949076,1474036949319,1474036949554,1474036949679,1474036949997",6352737667121152
"1474058118041,1474058118177,1474058118344,1474058118496,1474058118696,1474058118815,1474058118927,1474058119106",24.159.209.250,"1474058117944,1474058118090,1474058118264,1474058118408,1474058118585,1474058118717,1474058118815,1474058119015",6353079117021184
"1474044864916,1474044867236,1474044868124,1474044868308,1474044868588,1474044868812,1474044868988,1474044869204",128.118.134.6,"1474044864828,1474044867100,1474044868052,1474044868252,1474044868516,1474044868732,1474044868884,1474044869124",6363001028345856
"1474080203071,1474080203271,1474080203472,1474080203642,1474080203891,1474080204174,1474080204344,1474080204529",173.63.184.135,"1474080202988,1474080203180,1474080203396,1474080203566,1474080203813,1474080204060,1474080204283,1474080204469",6367936214204416
"1474058113184,1474058113328,1474058113496,1474058113640,1474058113831,1474058113959,1474058114080,1474058114272",24.159.209.250,"1474058113072,1474058113216,1474058113408,1474058113552,1474058113719,1474058113856,1474058113976,1474058114192",6379760527605760
"1474042929764,1474042929891,1474042929948,1474042930116,1474042930316,1474042930404,1474042930508,1474042930741",64.245.199.146,"1474042929676,1474042929764,1474042929884,1474042930052,1474042930236,1474042930356,1474042930443,1474042930645",6386304984023040
"1474003255816,1474003255924,1474003256272,1474003256993,1474003257399,1474003257470,1474003257669,1474003257898",103.210.204.3,"1474003255702,1474003255810,1474003256158,1474003256854,1474003257308,1474003257394,1474003257590,1474003257802",6403993269960704
"1474082783940,1474082784122,1474082784333,1474082784539,1474082784927,1474082785117,1474082785331,1474082785596",2602:306:cfca:e330:900:52b2:d039:5f6d,"1474082783800,1474082783965,1474082784242,1474082784399,1474082784779,1474082784993,1474082785175,1474082785422",6408928455819264
"1474036964898,1474036965133,1474036965306,1474036965508,1474036965852,1474036965979,1474036966091,1474036967115",103.252.25.153,"1474036964765,1474036964958,1474036965211,1474036965399,1474036965679,1474036965902,1474036965995,1474036966952",6411389740515328
"1474037014088,1474037014336,1474037014695,1474037015143,1474037015493,1474037015744,1474037016117,1474037016373",103.252.25.153,"1474037013905,1474037014228,1474037014601,1474037015023,1474037015374,1474037015632,1474037015999,1474037016211",6417850445070336
"1474044903662,1474044904006,1474044904510,1474044904790,1474044905142,1474044905430,1474044905710,1474044906086",128.118.134.6,"1474044903559,1474044903895,1474044904431,1474044904710,1474044905070,1474044905342,1474044905638,1474044906014",6419686543589376
"1474037035051,1474037035234,1474037035424,1474037035599,1474037035987,1474037036232,1474037036437,1474037036742",103.252.25.153,"1474037034893,1474037035067,1474037035330,1474037035496,1474037035833,1474037036049,1474037036263,1474037036437",6426334079221760
"1474042925628,1474042925724,1474042925788,1474042925964,1474042926180,1474042926276,1474042926356,1474042926604",64.245.199.146,"1474042925540,1474042925628,1474042925724,1474042925900,1474042926068,1474042926180,1474042926276,1474042926500",6427848055193600
"1474057248089,1474057248298,1474057248466,1474057248658,1474057248882,1474057249001,1474057249137,1474057249418",2601:589:8202:9914:a5cb:9a24:fa07:2a8d,"1474057247994,1474057248145,1474057248378,1474057248553,1474057248754,1474057248873,1474057249025,1474057249298",6436255990546432
"1474057245370,1474057245577,1474057245738,1474057245946,1474057246186,1474057246354,1474057246465,1474057246729",2601:589:8202:9914:a5cb:9a24:fa07:2a8d,"1474057245258,1474057245394,1474057245634,1474057245825,1474057246042,1474057246178,1474057246346,1474057246602",6443094652223488
"1474048903375,1474048903559,1474048903638,1474048903815,1474048904135,1474048904135,1474048904279,1474048904655",162.198.166.54,"1474048903255,1474048903375,1474048903559,1474048903694,1474048903902,1474048903983,1474048904135,1474048904527",6472703083020288
"1474035661875,1474035662091,1474035662307,1474035662507,1474035662747,1474035662915,1474035663099,1474035663347",69.15.253.50,"1474035661747,1474035661939,1474035662203,1474035662387,1474035662611,1474035662803,1474035662987,1474035663195",6473924464345088
"1474037011845,1474037012026,1474037012211,1474037012379,1474037012679,1474037012926,1474037013225,1474037013504",103.252.25.153,"1474037011720,1474037011890,1474037012104,1474037012291,1474037012535,1474037012804,1474037013082,1474037013303",6476410981974016
"1474015680892,1474015681092,1474015681308,1474015681484,1474015681676,1474015681908,1474015682012,1474015682220",115.99.248.170,"1474015680748,1474015680988,1474015681233,1474015681380,1474015681580,1474015681812,1474015681932,1474015682117",6478897499602944
"1474057223330,1474057223546,1474057224402,1474057224650,1474057224946,1474057225290,1474057225442,1474057225706",2601:589:8202:9914:a5cb:9a24:fa07:2a8d,"1474057223194,1474057223371,1474057224298,1474057224498,1474057224818,1474057225098,1474057225314,1474057225569",6483870534860800
"1474057259322,1474057259498,1474057259666,1474057259825,1474057260057,1474057260449,1474057260545,1474057260777",2601:589:8202:9914:a5cb:9a24:fa07:2a8d,"1474057259233,1474057259362,1474057259570,1474057259745,1474057259945,1474057260321,1474057260458,1474057260706",6486979017441280
"1474022546009,1474022546248,1474022546466,1474022546678,1474022547077,1474022547334,1474022547501,1474022547854",74.75.23.113,"1474022545917,1474022546127,1474022546362,1474022546551,1474022546964,1474022547241,1474022547413,1474022547761",6493475155476480
"1474029813394,1474029813586,1474029813802,1474029814017,1474029814242,1474029814394,1474029814482,1474029814738",199.90.35.12,"1474029813314,1474029813498,1474029813714,1474029813898,1474029814146,1474029814266,1474029814394,1474029814658",6493816605376512
"1474036962921,1474036963119,1474036963306,1474036963489,1474036963771,1474036963933,1474036964086,1474036964238",103.252.25.153,"1474036962769,1474036962952,1474036963197,1474036963368,1474036963616,1474036963817,1474036963933,1474036964101",6498738906333184
"1474032458469,1474032458621,1474032458668,1474032458836,1474032459133,1474032459229,1474032459252,1474032459453",173.2.225.234,"1474032458254,1474032458365,1474032458533,1474032458724,1474032458973,1474032459093,1474032459156,1474032459357",6503738516701184
"1474029798306,1474029798482,1474029798882,1474029799122,1474029799490,1474029799666,1474029799770,1474029800026",199.90.35.12,"1474029798234,1474029798410,1474029798786,1474029799010,1474029799388,1474029799554,1474029799690,1474029799938",6508673702559744
"1474015678509,1474015678997,1474015679213,1474015679381,1474015679581,1474015679829,1474015679949,1474015680133",115.99.248.170,"1474015678445,1474015678917,1474015679133,1474015679294,1474015679485,1474015679709,1474015679870,1474015680053",6517174248144896
"1474042940388,1474042940636,1474042940660,1474042940852,1474042941062,1474042941188,1474042941300,1474042941484",64.245.199.146,"1474042940308,1474042940492,1474042940588,1474042940780,1474042940964,1474042941116,1474042941260,1474042941420",6520498015961088
"1474042938124,1474042938252,1474042938308,1474042938468,1474042938668,1474042938764,1474042938884,1474042939092",64.245.199.146,"1474042938045,1474042938140,1474042938228,1474042938420,1474042938572,1474042938692,1474042938804,1474042938988",6536887074291712
"1474032302249,1474032302473,1474032302698,1474032302870,1474032303089,1474032303274,1474032303448,1474032303641",73.81.159.210,"1474032302168,1474032302402,1474032302630,1474032302792,1474032303012,1474032303198,1474032303369,1474032303573",6549665944174592
"1474003265371,1474003265464,1474003265590,1474003265737,1474003265942,1474003265985,1474003266141,1474003266360",103.210.204.3,"1474003265301,1474003265364,1474003265528,1474003265659,1474003265840,1474003265909,1474003266048,1474003266255",6558587933425664
"1474029794498,1474029794674,1474029794866,1474029795042,1474029795242,1474029795354,1474029795450,1474029795770",199.90.35.12,"1474029794426,1474029794586,1474029794794,1474029794962,1474029795154,1474029795242,1474029795354,1474029795682",6560424031944704
"1474037009576,1474037009792,1474037010011,1474037010180,1474037010508,1474037010693,1474037011148,1474037011374",103.252.25.153,"1474037009428,1474037009644,1474037009905,1474037010089,1474037010352,1474037010555,1474037010993,1474037011213",6564572165046272
"1474032315467,1474032315702,1474032315927,1474032316108,1474032316506,1474032316687,1474032316860,1474032317111",73.81.159.210,"1474032315390,1474032315623,1474032315867,1474032316036,1474032316436,1474032316615,1474032316780,1474032317048",6567071567577088
"1474036960740,1474036960954,1474036961123,1474036961307,1474036961616,1474036961791,1474036961996,1474036962076",103.252.25.153,"1474036960621,1474036960787,1474036961032,1474036961201,1474036961463,1474036961695,1474036961791,1474036962028",6576993478901760
"1474036944024,1474036944309,1474036944512,1474036944677,1474036944959,1474036945143,1474036945309,1474036945673",103.252.25.153,"1474036943885,1474036944165,1474036944398,1474036944575,1474036944802,1474036945038,1474036945159,1474036945508",6583832140578816
"1474082758986,1474082759210,1474082759418,1474082759562,1474082759754,1474082759867,1474082759977,1474082760201",99.9.191.4,"1474082758914,1474082759154,1474082759370,1474082759498,1474082759698,1474082759809,1474082759921,1474082760145",6585456175087616
"1474058102968,1474058103120,1474058103280,1474058103438,1474058103624,1474058103743,1474058103832,1474058104020",24.159.209.250,"1474058102864,1474058103016,1474058103200,1474058103347,1474058103520,1474058103640,1474058103736,1474058103951",6605245236903936
"1474032470638,1474032470765,1474032470789,1474032470997,1474032471365,1474032471437,1474032471453,1474032471621",173.2.225.234,"1474032470397,1474032470509,1474032470685,1474032470853,1474032471141,1474032471301,1474032471317,1474032471525",6613440571375616
"1474058099864,1474058100008,1474058100184,1474058100320,1474058100496,1474058100636,1474058100768,1474058100944",24.159.209.250,"1474058099768,1474058099912,1474058100104,1474058100232,1474058100400,1474058100528,1474058100664,1474058100852",6629568978878464
"1474080155085,1474080155269,1474080155404,1474080155539,1474080155721,1474080155886,1474080156010,1474080156206",173.63.184.135,"1474080154986,1474080155179,1474080155347,1474080155466,1474080155648,1474080155799,1474080155949,1474080156135",6634212643831808
"1474057250689,1474057250889,1474057251066,1474057251250,1474057251490,1474057251634,1474057251754,1474057251978",2601:589:8202:9914:a5cb:9a24:fa07:2a8d,"1474057250602,1474057250770,1474057250986,1474057251154,1474057251346,1474057251482,1474057251634,1474057251858",6667779960733696
"1474035628302,1474035628494,1474035628671,1474035628870,1474035629070,1474035629254,1474035629350,1474035629582",69.15.253.50,"1474035628191,1474035628342,1474035628551,1474035628751,1474035628943,1474035629126,1474035629246,1474035629430",6685468246671360
"1474082746612,1474082746844,1474082747029,1474082747180,1474082747404,1474082747492,1474082747620,1474082747828",99.9.191.4,"1474082746549,1474082746748,1474082746964,1474082747116,1474082747332,1474082747428,1474082747556,1474082747764",6699325421780992
"1474082805417,1474082805601,1474082805769,1474082805905,1474082806089,1474082806281,1474082806385,1474082806569",99.9.191.4,"1474082805353,1474082805529,1474082805721,1474082805849,1474082806025,1474082806217,1474082806329,1474082806505",6701161520300032
"1474080206934,1474080207120,1474080207286,1474080207471,1474080207722,1474080208121,1474080208257,1474080208459",173.63.184.135,"1474080206837,1474080207028,1474080207229,1474080207396,1474080207659,1474080208028,1474080208184,1474080208398",6709323031904256
"1474067052958,1474067053178,1474067053473,1474067053628,1474067053876,1474067054096,1474067054320,1474067054547",65.24.240.144,"1474067052851,1474067053071,1474067053366,1474067053556,1474067053771,1474067053987,1474067054211,1474067054440",6754178059730944
